Workbook

Sheet Hymns by Season
A1: Season # | B1: Season | C1: Season (Arabic) | D1: Next Dates (on/after 2026-10-22) | E1: Service(s) | F1: Hymn Title | G1: Hymn Title (Arabic) | H1: Languages Available | I1: Text Languages | J1: Hazzat Notation Languages | K1: Formats | L1: Tune | M1: Hymn Type | N1: Variations / Also Known As | O1: Hymn ID | P1: Link | Q1: Source | R1: suscopts.org Recording
A2: 1 | B2: Annual | C2: سنوي | D2: Not date-specific | E2: Distribution | F2: Psalm 150 | G2: المزمور المائة والخمسون | H2: Coptic, English, Arabic | I2: Coptic, English, Arabic | J2: Coptic, English | K2: Text, Hazzat notation | L2: Annual | M2: Praxis Response; Psalm 150 | N2: Psalm 150 Short Verses | O2: psalm-150-annual | P2: Open on hazzat | Q2: hazzat.com + suscopts.org | R2: Play (mp3)
A3: 1 | B3: Annual | C3: سنوي | D3: Not date-specific | E3: Distribution | F3: The Bread of Life | G3: خبز الحياة (بي أويك) | H3: Coptic, English, Arabic | I3: Coptic, English, Arabic | J3: Coptic, English | K3: Text, Hazzat notation | L3: Annual | M3: Communion Hymn | N3: Piwik | O3: the-bread-of-life | P3: Open on hazzat | Q3: hazzat.com + suscopts.org | R3: Play (mp3)
A4: 1 | B4: Annual | C4: سنوي | D4: Not date-specific | E4: Distribution; Midnight Psalmody | F4: End of Service Hymn | G4: لحن ختام الخدمة | H4: Coptic, English, Arabic | I4: Coptic, English, Arabic | K4: Text | L4: Tawaf | M4: End of Service | O4: end-of-service-hymn-annual | P4: Open on hazzat | Q4: hazzat.com
A5: 1 | B5: Annual | C5: سنوي | D5: Not date-specific | E5: Liturgy of St. Basil | F5: Aspasmos Adam (Rejoice O Mary) | G5: أسبسمس آدام (إفرحي يا مريم) | H5: Coptic, English, Arabic | I5: Coptic, English, Arabic | J5: Coptic, English, Arabic | K5: Text, Hazzat notation, Vertical Hazzat | L5: Adam | M5: Aspasmos Adam | O5: aspasmos-adam-rejoice-o-mary | P5: Open on hazzat | Q5: hazzat.com + suscopts.org | R5: Play (mp3)
A6: 1 | B6: Annual | C6: سنوي | D6: Not date-specific | E6: Liturgy of St. Basil | F6: Greet One Another | G6: قبلوا بعضكم بعضاً | H6: Coptic, English | I6: Coptic, English | J6: Coptic | K6: Text, Hazzat notation | L6: Annual | M6: Unspecified | N6: Aspazeste (Greet One Another) | O6: greet-one-another | P6: Open on hazzat | Q6: hazzat.com
A7: 1 | B7: Annual | C7: سنوي | D7: Not date-specific | E7: Liturgy of St. Basil | F7: Aspasmos Watos (O Lord) | G7: أسبسمس واطس (أيها الرب) | H7: Coptic, English, Arabic | I7: Coptic, English, Arabic | J7: Coptic, English, Arabic | K7: Text, Hazzat notation, Vertical Hazzat, Musical notes | L7: Watos | M7: Aspasmos Watos | O7: aspasmos-watos-o-lord | P7: Open on hazzat | Q7: hazzat.com + suscopts.org | R7: Play (mp3)
A8: 1 | B8: Annual | C8: سنوي | D8: Not date-specific | E8: Liturgy of St. Basil | F8: Amen Amen Amen Ton Thanaton | G8: أمين أمين أمين طون ثاناطون | H8: None yet (listed on site, no content) | L8: Annual | M8: Unspecified | O8: amen-amen-amen-ton-thanaton | P8: Open on hazzat | Q8: hazzat.com + suscopts.org | R8: Play (mp3)
A9: 1 | B9: Annual | C9: سنوي | D9: Not date-specific | E9: Liturgy of St. Basil | F9: Penishti | G9: بينيشتي | H9: Coptic, English | I9: Coptic, English | J9: Coptic, English | K9: Text, Hazzat notation | L9: Annual | M9: Unspecified | O9: penishti | P9: Open on hazzat | Q9: hazzat.com
A10: 1 | B10: Annual | C10: سنوي | D10: Not date-specific | E10: Liturgy of St. Basil | F10: Penishti (Great) | G10: بينيشتي (الكبيرة) | H10: Coptic, English | I10: Coptic, English | K10: Text | L10: Annual | M10: Unspecified | O10: penishti-great | P10: Open on hazzat | Q10: hazzat.com + suscopts.org | R10: Play (mp3)
A11: 1 | B11: Annual | C11: سنوي | D11: Not date-specific | E11: Liturgy of St. Basil | F11: As it Was (Osberein) | G11: كما كان (أوس بيرين) | H11: None yet (listed on site, no content) | L11: Annual | M11: Unspecified | O11: as-it-was-osberein | P11: Open on hazzat | Q11: hazzat.com + suscopts.org | R11: Play (mp3)
A12: 1 | B12: Annual | C12: سنوي | D12: Not date-specific | E12: Liturgy of St. Basil | F12: One is the All Holy Father | G12: واحداً هو الآب القدوس | H12: None yet (listed on site, no content) | L12: Annual | M12: Unspecified | O12: one-is-the-all-holy-father | P12: Open on hazzat | Q12: hazzat.com
A13: 1 | B13: Annual | C13: سنوي | D13: Not date-specific | E13: Liturgy of St. Gregory | F13: Through the Intercessions | H13: None yet (listed on site, no content) | L13: Gregorian | M13: Unspecified | O13: through-the-intercessions | P13: Open on hazzat | Q13: hazzat.com
A14: 1 | B14: Annual | C14: سنوي | D14: Not date-specific | E14: Liturgy of St. Gregory | F14: According to Your Mercy (Kata to Eleos) | H14: Coptic, English, Arabic | I14: Coptic, English, Arabic | J14: Coptic | K14: Text, Hazzat notation | L14: Adam; Watos | M14: Aspasmos Adam; Aspasmos Watos | N14: Melismatic Ending | O14: according-to-your-mercy-kata-to-eleos-gregorian | P14: Open on hazzat | Q14: hazzat.com
A15: 1 | B15: Annual | C15: سنوي | D15: Not date-specific | E15: Liturgy of St. Gregory | F15: For Your People (Peklaos Ghar) | H15: Coptic, English, Arabic | I15: Coptic, English, Arabic | J15: Coptic | K15: Text, Hazzat notation | L15: Adam; Watos | M15: Aspasmos Adam; Aspasmos Watos | N15: Je Nai nan; Eleyson Emas | O15: for-your-people-peklaos-ghar | P15: Open on hazzat | Q15: hazzat.com
A16: 1 | B16: Annual | C16: سنوي | D16: Not date-specific | E16: Liturgy of St. Gregory | F16: Loose, Remit, and Forgive (Vol Evol) | H16: Coptic, English, Arabic | I16: Coptic, English, Arabic | J16: Coptic, English, Arabic | K16: Text, Hazzat notation | L16: Adam | M16: Aspasmos Adam | O16: loose-remit-and-forgive-vol-evol | P16: Open on hazzat | Q16: hazzat.com
A17: 1 | B17: Annual | C17: سنوي | D17: Not date-specific | E17: Liturgy of St. Gregory | F17: Response for Introduction to the Fraction | G17: مرد مقدمة القسمه | H17: Coptic, English, Arabic | I17: Coptic, English, Arabic | J17: Coptic | K17: Text, Hazzat notation | L17: Adam; Watos | M17: Aspasmos Adam; Aspasmos Watos | N17: Amen; Melismatic Amen | O17: gregorian-response-for-introduction-to-the-fraction | P17: Open on hazzat | Q17: hazzat.com
A18: 1 | B18: Annual | C18: سنوي | D18: Not date-specific | E18: Liturgy of the Word | F18: The Hymn of Blessing (Ten Ouosht) | G18: لحن البركة (تين أوؤوشت) | H18: Coptic, English, Arabic | I18: Coptic, English, Arabic | J18: Coptic, English | K18: Text, Hazzat notation | L18: Annual | M18: Unspecified | O18: the-hymn-of-blessing-ten-ouosht | P18: Open on hazzat | Q18: hazzat.com
A19: 1 | B19: Annual | C19: سنوي | D19: Not date-specific | E19: Liturgy of the Word | F19: Shere Maria | G19: شيرى ماريا | H19: Coptic, English, Arabic | I19: Coptic, English, Arabic | J19: Coptic, English | K19: Text, Hazzat notation | L19: Unspecified | M19: Unspecified | O19: shere-maria | P19: Open on hazzat | Q19: hazzat.com
A20: 1 | B20: Annual | C20: سنوي | D20: Not date-specific | E20: Liturgy of the Word | F20: Lord Have Mercy (Keriye Eleyson) | G20: يارب أرحم (كيرياليسون) | H20: None yet (listed on site, no content) | L20: Unspecified | M20: Unspecified | O20: lord-have-mercy-keriye-eleyson | P20: Open on hazzat | Q20: hazzat.com
A21: 1 | B21: Annual | C21: سنوي | D21: Not date-specific | E21: Liturgy of the Word | F21: Apinav Shopi | G21: ابيناف شوبي | H21: Coptic, English, Arabic | I21: Coptic, English, Arabic | J21: Coptic | K21: Text, Hazzat notation | L21: Unspecified | M21: Unspecified | O21: apinav-shopi | P21: Open on hazzat | Q21: hazzat.com
A22: 1 | B22: Annual | C22: سنوي | D22: Not date-specific | E22: Liturgy of the Word | F22: Pray for these Holy and Precious Gifts | G22: صلوا من أجل هذه القرابين المقدسة الكريمة | H22: Audio only | K22: Audio | L22: Annual | M22: Processional | O22: pray-for-these-holy-and-precious-gifts | P22: Open on hazzat | Q22: hazzat.com
A23: 1 | B23: Annual | C23: سنوي | D23: Not date-specific | E23: Liturgy of the Word | F23: Al El Qorban | G23: آل القربان | H23: Coptic | J23: Coptic | K23: Hazzat notation | L23: Annual | M23: Processional | O23: al-el-qorban | P23: Open on hazzat | Q23: hazzat.com
A24: 1 | B24: Annual | C24: سنوي | D24: Not date-specific | E24: Liturgy of the Word | F24: Procession of the Lamb (Alleluia Fai Pe Piehoou) | G24: تقديم الحمل (الليلويا فاي بيبي) | H24: Coptic | J24: Coptic | K24: Hazzat notation | L24: Annual | M24: Processional | N24: Alleluia Fai Pe Piehoou | O24: procession-of-the-lamb-alleluia-fai-pe-piehoou-annual | P24: Open on hazzat | Q24: hazzat.com
A25: 1 | B25: Annual | C25: سنوي | D25: Not date-specific | E25: Liturgy of the Word | F25: Doxa Patri | G25: ذوكصابتري | H25: None yet (listed on site, no content) | L25: Annual | M25: Unspecified | O25: doxa-patri | P25: Open on hazzat | Q25: hazzat.com
A26: 1 | B26: Annual | C26: سنوي | D26: Not date-specific | E26: Liturgy of the Word | F26: Saved Amen (Sotis) | G26: سوتيس | H26: Coptic, English, Arabic | I26: Coptic, English, Arabic | J26: Coptic, English | K26: Text, Hazzat notation | L26: Unspecified | M26: Unspecified | N26: Sotis | O26: sotis | P26: Open on hazzat | Q26: hazzat.com
A27: 1 | B27: Annual | C27: سنوي | D27: Not date-specific | E27: Liturgy of the Word | F27: The Hymn of the Censer (Tai Shouri) | G27: لحن المجمرة (طاي شوري) | H27: Coptic, English, Arabic | I27: Coptic, English, Arabic | J27: Coptic, English | K27: Text, Hazzat notation | L27: Annual | M27: Censer Hymn | O27: the-hymn-of-the-censer-tai-shouri-annual | P27: Open on hazzat | Q27: hazzat.com
A28: 1 | B28: Annual | C28: سنوي | D28: Not date-specific | E28: Liturgy of the Word | F28: Hymn of the Intercessions | G28: الهيتنيات | H28: Coptic, English, Arabic | I28: Coptic, English, Arabic | J28: Coptic, English | K28: Text, Hazzat notation | L28: Unspecified | M28: Intercession | N28: Melismatic; Grand Melismatic; Intercession Verses | O28: hymn-of-the-intercessions | P28: Open on hazzat | Q28: hazzat.com
A29: 1 | B29: Annual | C29: سنوي | D29: Not date-specific | E29: Liturgy of the Word | F29: Apetjeek Evol | G29: أبيتجيك إيفول | H29: Coptic, English | I29: Coptic, English | J29: Coptic, English | K29: Text, Hazzat notation | L29: Annual | M29: Unspecified | O29: apetjeek-evol | P29: Open on hazzat | Q29: hazzat.com
A30: 1 | B30: Annual | C30: سنوي | D30: Not date-specific | E30: Liturgy of the Word | F30: Acts Response | G30: مرد الإبركسيس (شيري نى ماريا) | H30: Coptic, English | I30: Coptic, English | J30: Coptic, English | K30: Text, Hazzat notation | L30: Annual | M30: Praxis Response | N30: Hail to You, O Mary (Shere Ne Maria); Melismatic | O30: praxis-response-annual | P30: Open on hazzat | Q30: hazzat.com
A31: 1 | B31: Annual | C31: سنوي | D31: Not date-specific | E31: Liturgy of the Word | F31: 2nd Praxis Response (Tote Alithos) | G31: مرد إبركسيس ثاني (توتى اليثوس) | H31: Coptic, English, Arabic | I31: Coptic, English, Arabic | J31: Coptic, English | K31: Text, Hazzat notation | L31: Unspecified | M31: Praxis Response | O31: 2nd-praxis-response-tote-alithos | P31: Open on hazzat | Q31: hazzat.com
A32: 1 | B32: Annual | C32: سنوي | D32: Not date-specific | E32: Liturgy of the Word | F32: Trisagion (Agios) | G32: لحن الثلاث تقديسات (أجيوس) | H32: Coptic, English, Arabic | I32: Coptic, English, Arabic | K32: Text | L32: Annual | M32: Trisagion Hymn | O32: trisagion-agios-annual | P32: Open on hazzat | Q32: hazzat.com
A33: 1 | B33: Annual | C33: سنوي | D33: Not date-specific | E33: Liturgy of the Word; Matins; Vespers | F33: Gospel Response | G33: مرد الإنجيل | H33: None yet (listed on site, no content) | L33: Annual | M33: Gospel Response | O33: gospel-response-annual | P33: Open on hazzat | Q33: hazzat.com
A34: 1 | B34: Annual | C34: سنوي | D34: Not date-specific | E34: Matins; Vespers | F34: Introduction to the Doxologies | H34: English | I34: English | J34: English | K34: Text, Hazzat notation | L34: Adam | M34: Aspasmos Adam | O34: intro-to-the-doxologies | P34: Open on hazzat | Q34: hazzat.com
A35: 1 | B35: Annual | C35: سنوي | D35: Not date-specific | E35: Matins | F35: Doxology for St. Mary | H35: None yet (listed on site, no content) | L35: Not listed | M35: Not listed | O35: doxology-for-st-mary | P35: Open on hazzat | Q35: hazzat.com
A36: 1 | B36: Annual | C36: سنوي | D36: Not date-specific | E36: Matins | F36: Litany for the Oblations | H36: Coptic, English, Arabic | I36: Coptic, English, Arabic | J36: Coptic | K36: Text, Hazzat notation | L36: Annual | M36: Deacon Response | O36: litany-for-the-oblations | P36: Open on hazzat | Q36: hazzat.com
A37: 1 | B37: Annual | C37: سنوي | D37: Not date-specific | E37: Matins Psalmody | F37: Morning Doxology | G37: ذكصولوجية باكر | H37: Coptic, English, Arabic | I37: Coptic, English, Arabic | K37: Text | L37: Annual | M37: Psalmody | N37: Hymn of the Seven Tunes | O37: morning-doxology-annual | P37: Open on hazzat | Q37: hazzat.com
A38: 1 | B38: Annual | C38: سنوي | D38: Not date-specific | E38: Matins Psalmody | F38: Morning Doxology: For Saint Mary | G38: ذكصولوجية باكر: لأجل السيدة العذراء | H38: Coptic, English, Arabic | I38: Coptic, English, Arabic | K38: Text | L38: Annual | M38: Psalmody | O38: morning-doxology-for-saint-mary-annual | P38: Open on hazzat | Q38: hazzat.com
A39: 1 | B39: Annual | C39: سنوي | D39: Not date-specific | E39: Matins Psalmody | F39: Morning Doxology: Also for Saint Mary | G39: ذكصولوجية باكر: وأيضاً لأجل السيدة العذراء | H39: Coptic, English, Arabic | I39: Coptic, English, Arabic | K39: Text | L39: Annual | M39: Psalmody | N39: Hymn of the Seven Tunes: Also for Saint Mary | O39: morning-doxology-also-for-saint-mary | P39: Open on hazzat | Q39: hazzat.com
A40: 1 | B40: Annual | C40: سنوي | D40: Not date-specific | E40: Matins Psalmody | F40: Morning Doxology: For the Angels | G40: ذكصولوجية باكر: لأجل الملائكة | H40: Coptic, English, Arabic | I40: Coptic, English, Arabic | K40: Text | L40: Annual | M40: Psalmody | N40: Hymn of the Seven Tunes: For the Angels | O40: morning-doxology-for-the-angels | P40: Open on hazzat | Q40: hazzat.com
A41: 1 | B41: Annual | C41: سنوي | D41: Not date-specific | E41: Matins Psalmody | F41: Morning Doxology: For the Apostles | G41: ذكصولوجية باكر: لأجل الرسل | H41: Coptic, English, Arabic | I41: Coptic, English, Arabic | K41: Text | L41: Annual | M41: Psalmody | N41: Hymn of the Seven Tunes: For the Apostles | O41: morning-doxology-for-the-apostles | P41: Open on hazzat | Q41: hazzat.com
A42: 1 | B42: Annual | C42: سنوي | D42: Not date-specific | E42: Matins Psalmody | F42: Morning Doxology: For the Martyrs | G42: ذكصولوجية باكر: لأجل الشهداء | H42: Coptic, English, Arabic | I42: Coptic, English, Arabic | K42: Text | L42: Annual | M42: Psalmody | N42: Hymn of the Seven Tunes: For the Martyrs | O42: morning-doxology-for-the-martyrs | P42: Open on hazzat | Q42: hazzat.com
A43: 1 | B43: Annual | C43: سنوي | D43: Not date-specific | E43: Matins Psalmody | F43: Morning Doxology: For the Saints | G43: ذكصولوجية باكر: لأجل القديسين | H43: Coptic, English, Arabic | I43: Coptic, English, Arabic | K43: Text | L43: Annual | M43: Psalmody | N43: Hymn of the Seven Tunes: For the Saints | O43: morning-doxology-for-the-saints | P43: Open on hazzat | Q43: hazzat.com
A44: 1 | B44: Annual | C44: سنوي | D44: Not date-specific | E44: Matins Psalmody | F44: Morning Doxology: For the Patriarchs and Prophets | G44: ذكصولوجية باكر: لأجل الآباء والأنبياء | H44: Coptic, English, Arabic | I44: Coptic, English, Arabic | K44: Text | L44: Annual | M44: Psalmody | N44: Hymn of the Seven Tunes: For the Patriarchs and Prophets | O44: morning-doxology-for-the-patriarchs-and-prophets | P44: Open on hazzat | Q44: hazzat.com
A45: 1 | B45: Annual | C45: سنوي | D45: Not date-specific | E45: Matins Psalmody | F45: Conclusion of the Adam Theotokias | G45: ختام الثيؤطوكيات الآدام | H45: Coptic, English, Arabic | I45: Coptic, English, Arabic | K45: Text | L45: Annual | M45: Psalmody | O45: conclusion-of-the-adam-theotokias-annual | P45: Open on hazzat | Q45: hazzat.com
A46: 1 | B46: Annual | C46: سنوي | D46: Not date-specific | E46: Midnight Psalmody | F46: Arise O Children of the Light (Ten Theno) | G46: قوموا يابني النور (تين ثينو) | H46: Coptic, English, Arabic | I46: Coptic, English, Arabic | J46: Coptic, English | K46: Text, Hazzat notation | L46: Unspecified | M46: Psalmody | O46: arise-o-children-of-the-light-ten-theno | P46: Open on hazzat | Q46: hazzat.com
A47: 1 | B47: Annual | C47: سنوي | D47: Not date-specific | E47: Midnight Psalmody | F47: 1st Canticle | G47: الهوس الأول | H47: Coptic, English, Arabic | I47: Coptic, English, Arabic | K47: Text | L47: Unspecified | M47: Psalmody | O47: 1st-canticle | P47: Open on hazzat | Q47: hazzat.com
A48: 1 | B48: Annual | C48: سنوي | D48: Not date-specific | E48: Midnight Psalmody | F48: Explanation (Lobsh) of the 1st Canticle (Khen Oushot) | G48: لُبش الهوس الأول (خين أوشوت) | H48: Coptic, English, Arabic | I48: Coptic, English, Arabic | J48: Coptic, English | K48: Text, Hazzat notation | L48: Unspecified | M48: Psalmody | O48: explanation-lobsh-of-the-1st-canticle-khen-oushot-annual | P48: Open on hazzat | Q48: hazzat.com
A49: 1 | B49: Annual | C49: سنوي | D49: Not date-specific | E49: Midnight Psalmody | F49: 2nd Canticle | H49: Coptic, English, Arabic | I49: Coptic, English, Arabic | K49: Text | L49: Unspecified | M49: Psalmody | O49: 2nd-canticle | P49: Open on hazzat | Q49: hazzat.com
A50: 1 | B50: Annual | C50: سنوي | D50: Not date-specific | E50: Midnight Psalmody | F50: Explanation (Lobsh) of the 2nd Canticle | G50: لُبش الهوس الثاني (مارين أوأونه) | H50: Coptic, English, Arabic | I50: Coptic, English, Arabic | J50: Coptic, English | K50: Text, Hazzat notation | L50: Unspecified | M50: Psalmody | N50: Explanation (Lobsh) of the 2nd Canticle (Maren Ouonh); Maren Ouonh (on the tune of Khen Oushot) | O50: explanation-lobsh-of-the-2nd-canticle-annual | P50: Open on hazzat | Q50: hazzat.com
A51: 1 | B51: Annual | C51: سنوي | D51: Not date-specific | E51: Midnight Psalmody | F51: 3rd Canticle | G51: الهوس الثالث | H51: Coptic, English, Arabic | I51: Coptic, English, Arabic | J51: Coptic, English | K51: Text, Hazzat notation, Vertical Hazzat | L51: Annual | M51: Psalmody | N51: Esmo Epchoise; Hos Erof; Arihoou Chasf | O51: 3rd-canticle-annual | P51: Open on hazzat | Q51: hazzat.com
A52: 1 | B52: Annual | C52: سنوي | D52: Not date-specific | E52: Midnight Psalmody | F52: Greek Psali Batos for the Three Saintly Children (Arepsalin) | H52: Coptic, English, Arabic | I52: Coptic, English, Arabic | K52: Text | L52: Watos | M52: Psalmody | O52: greek-psali-batos-for-the-three-saintly-children-arepsalin-annual | P52: Open on hazzat | Q52: hazzat.com
A53: 1 | B53: Annual | C53: سنوي | D53: Not date-specific | E53: Midnight Psalmody | F53: Tenen | G53: تنين | H53: Coptic, English, Arabic | I53: Coptic, English, Arabic | J53: Coptic | K53: Text, Hazzat notation, Vertical Hazzat | L53: Unspecified | M53: Psalmody | O53: tenen | P53: Open on hazzat | Q53: hazzat.com
A54: 1 | B54: Annual | C54: سنوي | D54: Not date-specific | E54: Midnight Psalmody | F54: We Follow You (Tenoueh Ensok) | G54: نتبعك بكل قلوبنا (تين أويه إنسوك) | H54: Coptic, English, Arabic | I54: Coptic, English, Arabic | J54: Coptic, English | K54: Text, Hazzat notation | L54: Annual | M54: Psalmody | N54: we follow you (Tenoueh Ensok) | O54: we-follow-you-tenoueh-ensok-annual | P54: Open on hazzat | Q54: hazzat.com
A55: 1 | B55: Annual | C55: سنوي | D55: Not date-specific | E55: Midnight Psalmody | F55: And Whenever We (Leepon) | G55: ليبون | H55: Coptic, English, Arabic | I55: Coptic, English, Arabic | J55: Coptic, English | K55: Text, Hazzat notation | L55: Annual | M55: Psalmody | N55: Leepon | O55: leepon | P55: Open on hazzat | Q55: hazzat.com
A56: 1 | B56: Annual | C56: سنوي | D56: Not date-specific | E56: Midnight Psalmody | F56: Hail to You Mary (Shere ne Maria) | G56: شيرى نى ماريا | H56: Coptic, English, Arabic | I56: Coptic, English, Arabic | J56: Coptic, English | K56: Text, Hazzat notation, Vertical Hazzat | L56: Unspecified | M56: Psalmody | N56: Shere ne Maria | O56: shere-ne-maria-annual | P56: Open on hazzat | Q56: hazzat.com
A57: 1 | B57: Annual | C57: سنوي | D57: Not date-specific | E57: Midnight Psalmody | F57: You are Called (Semouti) | G57: سيموتي | H57: Coptic, English, Arabic | I57: Coptic, English, Arabic | J57: Coptic, English | K57: Text, Hazzat notation | L57: Unspecified | M57: Psalmody | N57: Semouti | O57: semouti | P57: Open on hazzat | Q57: hazzat.com
A58: 1 | B58: Annual | C58: سنوي | D58: Not date-specific | E58: Midnight Psalmody | F58: Seven Times Everyday (Shashf Ensop) | H58: Coptic, English, Arabic | I58: Coptic, English, Arabic | K58: Text | L58: Annual | M58: Glorification | O58: shashf-ensop-seven-times-everyday-glorifications | P58: Open on hazzat | Q58: hazzat.com
A59: 1 | B59: Annual | C59: سنوي | D59: Not date-specific | E59: Midnight Psalmody | F59: They Likened the Archpriest (Aven Piarshierevs) | G59: تيؤي إنهيكانوس | H59: Coptic, English, Arabic | I59: Coptic, English, Arabic | J59: Coptic, English | K59: Text, Hazzat notation | L59: Annual | M59: Psalmody | N59: Teoi Enhikanos; Aven Piarshierevs; Afsholem; Evol Hiten | O59: teoi-enhikanos | P59: Open on hazzat | Q59: hazzat.com
A60: 1 | B60: Annual | C60: سنوي | D60: Not date-specific | E60: Midnight Psalmody; Vespers Psalmody | F60: 4th Canticle | G60: الهوس الرابع | H60: Coptic, English, Arabic | I60: Coptic, English, Arabic | K60: Text | L60: Unspecified | M60: Psalmody | O60: 4th-canticle | P60: Open on hazzat | Q60: hazzat.com
A61: 1 | B61: Annual | C61: سنوي | D61: Not date-specific | E61: Vespers | F61: Deacon Response for the Litany for the Oblations | H61: Coptic, English, Arabic | I61: Coptic, English, Arabic | J61: Coptic | K61: Text, Hazzat notation | L61: Annual | M61: Deacon Response | N61: Response for the Litany for the Oblations | O61: deacon-response-for-the-litany-for-the-oblations | P61: Open on hazzat | Q61: hazzat.com
A62: 1 | B62: Annual | C62: سنوي | D62: Not date-specific | E62: Vespers | F62: The Creed | H62: Coptic, English | I62: English | J62: Coptic | K62: Text, Hazzat notation | L62: Annual | M62: Unspecified | N62: Tengosht | O62: the-creed | P62: Open on hazzat | Q62: hazzat.com
A63: 1 | B63: Annual | C63: سنوي | D63: Not date-specific | E63: Vespers | F63: Amen. Lord Have Mercy | G63: أمين كيرياليسون | H63: Coptic, English, Arabic | I63: Coptic, English, Arabic | J63: Coptic | K63: Text, Hazzat notation | L63: Annual | M63: Processional | N63: Amen. Lord Have Mercy (Long) | O63: amen-lord-have-mercy | P63: Open on hazzat | Q63: hazzat.com
A64: 1 | B64: Annual | C64: سنوي | D64: Not date-specific | E64: Vespers Psalmody | F64: Psalm 116 (Ni Ethnos Teero) | G64: المزمور المائة والسادس عشر (ني إثنوس تيرو) | H64: Coptic, English, Arabic | I64: Coptic, English, Arabic | J64: Coptic | K64: Text, Hazzat notation, Vertical Hazzat | L64: Adam | M64: Psalmody; Aspasmos Adam | O64: psalm-116-ni-ethnos-teero | P64: Open on hazzat | Q64: hazzat.com
A65: 1 | B65: Annual | C65: سنوي | D65: Not date-specific | E65: Liturgy (Deacon Responses) | F65: Altar Responses | H65: Audio only (language not stated) | K65: Audio | L65: Not listed (not on hazzat.com) | M65: Not listed (not on hazzat.com) | O65: suscopts-altar_responses | P65: Open on suscopts | Q65: suscopts.org | R65: Play (mp3)
A66: 2 | B66: Nairouz | C66: نيروز | D66: 2027-09-12 to 2027-09-27 | E66: Liturgy | F66: Acts Response | G66: مرد الإبركسيس | H66: Coptic, English | I66: Coptic, English | J66: English | K66: Text, Hazzat notation | L66: Unspecified | M66: Praxis Response | N66: Praxis Response | O66: praxis-response-nairouz | P66: Open on hazzat | Q66: hazzat.com
A67: 2 | B67: Nairouz | C67: نيروز | D67: 2027-09-12 to 2027-09-27 | E67: Liturgy; Vespers & Matins | F67: Psalm Response | G67: مرد المزمور | H67: Coptic, English | I67: Coptic, English | K67: Text | L67: Festal | M67: Psalm Response | O67: psalm-response-nairouz | P67: Open on hazzat | Q67: hazzat.com
A68: 2 | B68: Nairouz | C68: نيروز | D68: 2027-09-12 to 2027-09-27 | E68: Liturgy; Vespers & Matins | F68: Gospel Response | G68: مرد الإنجيل | H68: Coptic, English | I68: Coptic, English | K68: Text | L68: Festal | M68: Gospel Response | O68: gospel-response-nairouz | P68: Open on hazzat | Q68: hazzat.com
A69: 2 | B69: Nairouz | C69: نيروز | D69: 2027-09-12 to 2027-09-27 | E69: Liturgy | F69: Aspasmos Adam | G69: أسبسمس آدام | H69: Coptic, English | I69: Coptic, English | J69: Coptic, English | K69: Text, Hazzat notation | L69: Adam | M69: Aspasmos Adam | O69: aspasmos-adam-nairouz | P69: Open on hazzat | Q69: hazzat.com
A70: 2 | B70: Nairouz | C70: نيروز | D70: 2027-09-12 to 2027-09-27 | E70: Liturgy | F70: Aspasmos Watos | G70: أسبسمس واطس | H70: Coptic, English | I70: Coptic, English | J70: Coptic, English | K70: Text, Hazzat notation | L70: Watos | M70: Aspasmos Watos | O70: aspasmos-watos-nairouz | P70: Open on hazzat | Q70: hazzat.com
A71: 2 | B71: Nairouz | C71: نيروز | D71: 2027-09-12 to 2027-09-27 | E71: Liturgy | F71: Aspasmos Watos (O Lord) | G71: أسبسمس واطس (أيها الرب) | H71: Coptic, English, Arabic | I71: Coptic, English, Arabic | J71: Coptic, English, Arabic | K71: Text, Hazzat notation, Vertical Hazzat, Musical notes | L71: Watos | M71: Aspasmos Watos | O71: aspasmos-watos-o-lord | P71: Open on hazzat | Q71: hazzat.com + suscopts.org | R71: Play (mp3)
A72: 2 | B72: Nairouz | C72: نيروز | D72: 2027-09-12 to 2027-09-27 | E72: Liturgy | F72: Psalm 150 | G72: المزمور المائة والخمسون | H72: Coptic, English | I72: Coptic, English | J72: Coptic | K72: Text, Hazzat notation | L72: Festal | M72: Psalm 150; Psalm 150 Response | N72: Psalm 150 Response | O72: psalm-150-nairouz | P72: Open on hazzat | Q72: hazzat.com
A73: 2 | B73: Nairouz | C73: نيروز | D73: 2027-09-12 to 2027-09-27 | E73: Liturgy; Vespers & Matins | F73: End of Service Hymn | G73: لحن ختام الخدمة | H73: Coptic, English | I73: Coptic, English | K73: Text | L73: Tawaf | M73: End of Service | O73: end-of-service-hymn-nairouz | P73: Open on hazzat | Q73: hazzat.com
A74: 2 | B74: Nairouz | C74: نيروز | D74: 2027-09-12 to 2027-09-27 | E74: Midnight Psalmody | F74: Watos Psali | G74: إبصالية واطس | H74: Coptic, English | I74: Coptic, English | K74: Text | L74: Festal | M74: Vatos Psali | O74: watos-psali | P74: Open on hazzat | Q74: hazzat.com
A75: 2 | B75: Nairouz | C75: نيروز | D75: 2027-09-12 to 2027-09-27 | E75: Midnight Psalmody | F75: Adam Psali | G75: إبصالية آدام | H75: Coptic, English | I75: Coptic, English | K75: Text | L75: Festal | M75: Adam Psali | O75: adam-psali-nairouz | P75: Open on hazzat | Q75: hazzat.com
A76: 2 | B76: Nairouz | C76: نيروز | D76: 2027-09-12 to 2027-09-27 | E76: Vespers & Matins | F76: Verses of the Cymbals | H76: Coptic, English | I76: Coptic, English | J76: English | K76: Text, Hazzat notation | L76: Festal | M76: Verses of Cymbals | N76: Verses of Cymbals; Watos; Adam | O76: verses-of-cymbals-nairouz | P76: Open on hazzat | Q76: hazzat.com
A77: 2 | B77: Nairouz | C77: نيروز | D77: 2027-09-12 to 2027-09-27 | E77: Vespers & Matins | F77: Introduction to the Doxologies | H77: Coptic, English, Arabic | I77: Coptic, English, Arabic | J77: English | K77: Text, Hazzat notation | L77: Adam | M77: Aspasmos Adam | O77: introduction-to-the-doxologies | P77: Open on hazzat | Q77: hazzat.com
A78: 2 | B78: Nairouz | C78: نيروز | D78: 2027-09-12 to 2027-09-27 | E78: Vespers & Matins | F78: Doxology | H78: Coptic, English | I78: Coptic, English | K78: Text | L78: Festal | M78: Doxology | O78: doxology-nairouz | P78: Open on hazzat | Q78: hazzat.com
A79: 3 | B79: Feast of the Cross | C79: عيد الصليب | D79: 2027-03-19 | E79: Liturgy | F79: The Golden Censer (Tee Shouri) | G79: لحن المجمرة (تي شوري) | H79: Coptic, English | I79: Coptic, English | J79: Coptic, English | K79: Text, Hazzat notation | L79: Annual | M79: Censer Hymn | N79: The Hymn of the Censer (Tee Shouri) | O79: the-hymn-of-the-censer-tee-shouri-feast-of-the-cross | P79: Open on hazzat | Q79: hazzat.com
A80: 3 | B80: Feast of the Cross | C80: عيد الصليب | D80: 2027-03-19 | E80: Liturgy | F80: Hymn of the Cross (Fai Etafenf) | G80: لحن الصليب (فاي إيطاف أنف) | H80: Coptic, English | I80: Coptic, English | J80: Coptic, English | K80: Text, Hazzat notation | L80: Unspecified | M80: Unspecified | O80: hymn-of-the-cross-fai-etafenf-passion-pascha-week-covenant-thursday | P80: Open on hazzat | Q80: hazzat.com
A81: 3 | B81: Feast of the Cross | C81: عيد الصليب | D81: 2027-03-19 | E81: Liturgy | F81: Intercessions | H81: Coptic, English | I81: Coptic, English | J81: English | K81: Text, Hazzat notation | L81: Unspecified | M81: Intercession | O81: intercessions-feast-of-the-cross | P81: Open on hazzat | Q81: hazzat.com
A82: 3 | B82: Feast of the Cross | C82: عيد الصليب | D82: 2027-03-19 | E82: Liturgy | F82: Acts Response | H82: Coptic, English | I82: Coptic, English | J82: Coptic, English | K82: Text, Hazzat notation | L82: Unspecified | M82: Praxis Response | N82: Praxis Response | O82: praxis-response-feast-of-the-cross | P82: Open on hazzat | Q82: hazzat.com
A83: 3 | B83: Feast of the Cross | C83: عيد الصليب | D83: 2027-03-19 | E83: Liturgy; Vespers & Matins | F83: Hymn of Constantine (Etaven Nieskhai) | G83: لحن الملك قسطنطين (إيطافئين نيإسخاي) | H83: Coptic, English | I83: Coptic, English | J83: Coptic | K83: Text, Hazzat notation | L83: Adam | M83: Aspasmos Adam | N83: Hymn for King Constantine (Etafen Nieskhai) | O83: hymn-of-constantine-etaven-nieskhai | P83: Open on hazzat | Q83: hazzat.com
A84: 3 | B84: Feast of the Cross | C84: عيد الصليب | D84: 2027-03-19 | E84: Liturgy | F84: My Lord (Pachoise) | H84: Coptic, English | I84: Coptic, English | J84: English | K84: Text, Hazzat notation | L84: Adam | M84: Aspasmos Adam | N84: My Lord Jesus Christ (Pachoise) | O84: paralex | P84: Open on hazzat | Q84: hazzat.com
A85: 3 | B85: Feast of the Cross | C85: عيد الصليب | D85: 2027-03-19 | E85: Liturgy | F85: Psalm | H85: Coptic, English, Arabic | I85: Coptic, English, Arabic | J85: English | K85: Text, Hazzat notation | L85: Adam | M85: Aspasmos Adam | N85: Singary Psalm | O85: psalm-cross | P85: Open on hazzat | Q85: hazzat.com
A86: 3 | B86: Feast of the Cross | C86: عيد الصليب | D86: 2027-03-19 | E86: Liturgy | F86: Gospel Response | H86: Coptic, English | I86: Coptic, English | K86: Text | L86: Sha3anini | M86: Gospel Response | O86: gospel-response-feast-of-the-cross | P86: Open on hazzat | Q86: hazzat.com
A87: 3 | B87: Feast of the Cross | C87: عيد الصليب | D87: 2027-03-19 | E87: Liturgy | F87: Aspasmos Adam | H87: Coptic, English | I87: Coptic, English | J87: English | K87: Text, Hazzat notation | L87: Adam | M87: Aspasmos Adam | O87: aspasmos-adam | P87: Open on hazzat | Q87: hazzat.com
A88: 3 | B88: Feast of the Cross | C88: عيد الصليب | D88: 2027-03-19 | E88: Liturgy | F88: Aspasmos Watos | G88: اسبسمس واطس | H88: Coptic, English | I88: Coptic, English | J88: English | K88: Text, Hazzat notation | L88: Adam | M88: Aspasmos Adam | O88: aspasmos-watos-feast-of-the-cross | P88: Open on hazzat | Q88: hazzat.com
A89: 3 | B89: Feast of the Cross | C89: عيد الصليب | D89: 2027-03-19 | E89: Liturgy | F89: Psalm 150 | H89: Coptic, English | I89: Coptic, English | J89: English | K89: Text, Hazzat notation | L89: Sha3anini; Adam | M89: Aspasmos Adam; Psalm 150 Response | N89: Psalm 150 Response | O89: psalm-150-response-feast-of-the-cross | P89: Open on hazzat | Q89: hazzat.com
A90: 3 | B90: Feast of the Cross | C90: عيد الصليب | D90: 2027-03-19 | E90: Liturgy | F90: End of Service Hymn | H90: Coptic, English | I90: Coptic, English | K90: Text | L90: Tawaf | M90: End of Service | O90: end-of-service-hymn-feast-of-the-cross | P90: Open on hazzat | Q90: hazzat.com
A91: 3 | B91: Feast of the Cross | C91: عيد الصليب | D91: 2027-03-19 | E91: Vespers & Matins | F91: Verses of the Cymbals | H91: Coptic, English, Arabic | I91: Coptic, English, Arabic | J91: Coptic, English | K91: Text, Hazzat notation | L91: Festal; Adam | M91: Verses of Cymbals; Aspasmos Adam | N91: Verses of Cymbals | O91: verses-of-cymbals-feast-of-the-cross | P91: Open on hazzat | Q91: hazzat.com
A92: 3 | B92: Feast of the Cross | C92: عيد الصليب | D92: 2027-03-19 | E92: Vespers & Matins | F92: Introduction to Doxologies | H92: Coptic, English, Arabic | I92: Coptic, English, Arabic | J92: Coptic | K92: Text, Hazzat notation | L92: Adam | M92: Aspasmos Adam | N92: Introduction to the Doxologies | O92: introduction-to-doxologies | P92: Open on hazzat | Q92: hazzat.com
A93: 3 | B93: Feast of the Cross | C93: عيد الصليب | D93: 2027-03-19 | E93: Vespers & Matins | F93: Doxology | H93: Coptic, English | I93: Coptic, English | K93: Text | L93: Sha3anini | M93: Doxology | O93: doxology-feast-of-the-cross | P93: Open on hazzat | Q93: hazzat.com
A94: 4 | B94: Kiahk | C94: كيهك | D94: 2026-11-25 to 2027-01-06 | E94: Liturgy | F94: Saved Amen (Sotis) | G94: سوتيس | H94: Coptic, English, Arabic | I94: Coptic, English, Arabic | J94: Coptic, English | K94: Text, Hazzat notation | L94: Unspecified | M94: Unspecified | N94: Sotis | O94: sotis | P94: Open on hazzat | Q94: hazzat.com
A95: 4 | B95: Kiahk | C95: كيهك | D95: 2026-11-25 to 2027-01-06 | E95: Liturgy | F95: The Hymn of the Censer (Tai Shouri) | G95: لحن المجمرة (طاي شوري) | H95: Coptic, English, Arabic | I95: Coptic, English, Arabic | J95: Coptic, English | K95: Text, Hazzat notation | L95: Annual | M95: Censer Hymn | O95: the-hymn-of-the-censer-tai-shouri-annual | P95: Open on hazzat | Q95: hazzat.com
A96: 4 | B96: Kiahk | C96: كيهك | D96: 2026-11-25 to 2027-01-06 | E96: Liturgy | F96: Intercessions | H96: Coptic, English, Arabic | I96: Coptic, English, Arabic | J96: English | K96: Text, Hazzat notation | L96: Unspecified | M96: Intercession | O96: intercessions-kiahk | P96: Open on hazzat | Q96: hazzat.com
A97: 4 | B97: Kiahk | C97: كيهك | D97: 2026-11-25 to 2027-01-06 | E97: Liturgy | F97: Acts Response (1st and 3rd Sunday) | H97: Coptic, English, Arabic | I97: Coptic, English, Arabic | J97: Coptic, English | K97: Text, Hazzat notation, Vertical Hazzat | L97: Unspecified | M97: Praxis Response | N97: Praxis Response (1st and 3rd Sunday) | O97: praxis-response-1st-and-3rd-sunday | P97: Open on hazzat | Q97: hazzat.com
A98: 4 | B98: Kiahk | C98: كيهك | D98: 2026-11-25 to 2027-01-06 | E98: Liturgy | F98: Acts Response (2nd Sunday) | H98: Coptic, English | I98: Coptic, English | J98: Coptic, English | K98: Text, Hazzat notation, Vertical Hazzat | L98: Unspecified | M98: Praxis Response | N98: Praxis Response (2nd Sunday) | O98: praxis-response-2nd-sunday | P98: Open on hazzat | Q98: hazzat.com
A99: 4 | B99: Kiahk | C99: كيهك | D99: 2026-11-25 to 2027-01-06 | E99: Liturgy | F99: Acts Response (4th Sunday) | H99: Coptic, English | I99: Coptic, English | J99: Coptic, English | K99: Text, Hazzat notation, Vertical Hazzat | L99: Unspecified | M99: Praxis Response | N99: Praxis Response (4th Sunday) | O99: praxis-response-4th-sunday | P99: Open on hazzat | Q99: hazzat.com
A100: 4 | B100: Kiahk | C100: كيهك | D100: 2026-11-25 to 2027-01-06 | E100: Liturgy | F100: First Sunday's Psalm (Psalm 102:13,16) | H100: Coptic, English, Arabic | I100: Coptic, English, Arabic | J100: Coptic, English | K100: Text, Hazzat notation, Vertical Hazzat | L100: Kiahky | M100: Psalm Reading | N100: First Sunday's Psalm | O100: first-sundays-psalm-psalm-1021316 | P100: Open on hazzat | Q100: hazzat.com
...

Sheet Master Hymn List
A1: Hymn Title | B1: Hymn Title (Arabic) | C1: Languages Available | D1: Season(s) | E1: # Seasons | F1: Formats | G1: Tune | H1: Hymn Type | I1: Variations / Also Known As | J1: Hymn ID | K1: Source | L1: suscopts.org Recording
A2: 1st Canticle | B2: الهوس الأول | C2: Coptic, English, Arabic | D2: Annual; Bright Saturday | E2: 2 | F2: Text | G2: Unspecified | H2: Psalmody | J2: 1st-canticle | K2: hazzat.com
A3: 2nd Canticle | C3: Coptic, English, Arabic | D3: Annual | E3: 1 | F3: Text | G3: Unspecified | H3: Psalmody | J3: 2nd-canticle | K3: hazzat.com
A4: 2nd Praxis Response (Tote Alithos) | B4: مرد إبركسيس ثاني (توتى اليثوس) | C4: Coptic, English, Arabic | D4: Annual | E4: 1 | F4: Text, Hazzat notation | G4: Unspecified | H4: Praxis Response | J4: 2nd-praxis-response-tote-alithos | K4: hazzat.com
A5: 3rd Canticle | B5: الهوس الثالث | C5: Coptic, English, Arabic | D5: Annual; Kiahk; Bright Saturday; Saint Mary's Fast/Feast | E5: 4 | F5: Text, Hazzat notation, Vertical Hazzat, Musical notes | G5: Annual | H5: Psalmody | I5: Esmo Epchoise; Hos Erof; Arihoou Chasf; Eflogite | J5: 3rd-canticle-annual | K5: hazzat.com
A6: 4th Canticle | B6: الهوس الرابع | C6: Coptic, English, Arabic | D6: Annual; Saint Mary's Fast/Feast | E6: 2 | F6: Text | G6: Unspecified | H6: Psalmody | J6: 4th-canticle | K6: hazzat.com
A7: A Crown (O Ekloum) | C7: Coptic, English, Arabic | D7: Glorifications | E7: 1 | F7: Text, Hazzat notation | G7: Annual | H7: Glorification | I7: O Ekloum; A Crown for St. Philopater Mercurius; A Crown for St. Demiana; A Crown for St. George | J7: o-ekloum-a-crown | K7: hazzat.com
A8: A Proud Name (Ouran Enshoushou) | B8: أوران ان شوشو | C8: Coptic, English | D8: Epiphany | E8: 1 | F8: Text, Hazzat notation | G8: Unspecified | H8: Pre-Gospel | I8: Ouran Enshoushou; Long | J8: ouran-enshoushou | K8: hazzat.com
A9: According to Your Mercy (Kata to Eleos) | C9: Coptic, English, Arabic | D9: Annual | E9: 1 | F9: Text, Hazzat notation | G9: Adam; Watos | H9: Aspasmos Adam; Aspasmos Watos | I9: Melismatic Ending | J9: according-to-your-mercy-kata-to-eleos-gregorian | K9: hazzat.com
A10: Acts Response | B10: مرد الإبركسيس (شيري نى ماريا) | C10: Coptic, English | D10: Annual; Saint Mary's Fast/Feast | E10: 2 | F10: Text, Hazzat notation | G10: Annual | H10: Praxis Response | I10: Hail to You, O Mary (Shere Ne Maria); Melismatic | J10: praxis-response-annual | K10: hazzat.com
A11: Acts Response | B11: مرد الإبركسيس | C11: Coptic, English | D11: Nairouz | E11: 1 | F11: Text, Hazzat notation | G11: Unspecified | H11: Praxis Response | I11: Praxis Response | J11: praxis-response-nairouz | K11: hazzat.com
A12: Acts Response | C12: Coptic, English | D12: Feast of the Cross | E12: 1 | F12: Text, Hazzat notation | G12: Unspecified | H12: Praxis Response | I12: Praxis Response | J12: praxis-response-feast-of-the-cross | K12: hazzat.com
A13: Acts Response | B13: مرد الإبركسيس | C13: Coptic, English, Arabic | D13: Nativity | E13: 1 | F13: Text, Hazzat notation | G13: Annual | H13: Praxis Response | I13: Melismatic | J13: praxis-response-nativity | K13: hazzat.com
A14: Acts Response | B14: مرد الإبركسيس | C14: Coptic, English, Arabic | D14: Feast of Circumcision | E14: 1 | F14: Text, Hazzat notation | G14: Annual | H14: Praxis Response | J14: praxis-response-feast-of-circumcision | K14: hazzat.com
A15: Acts Response | B15: مرد الإبركسيس | C15: Coptic, English, Arabic | D15: Epiphany | E15: 1 | F15: Text, Hazzat notation | G15: Unspecified | H15: Praxis Response | J15: praxis-response-epiphany | K15: hazzat.com
A16: Acts Response | B16: مرد الإبركسيس | C16: English | D16: The Wedding at Cana of Galilee | E16: 1 | F16: Text, Hazzat notation | G16: Adam | H16: Aspasmos Adam | J16: praxis-response-the-wedding-at-cana-of-galilee | K16: hazzat.com
A17: Acts Response | B17: مرد الإبركسيس | C17: Coptic, English | D17: Great Lent - Saturdays & Sundays | E17: 1 | F17: Text, Hazzat notation | G17: Unspecified | H17: Praxis Response | I17: Praxis Response | J17: praxis-response-great-lent-saturdays-sundays | K17: hazzat.com
A18: Acts Response | B18: مرد الإبركسيس | C18: Coptic, English, Arabic | D18: Annunciation | E18: 1 | F18: Text, Hazzat notation | G18: Unspecified | H18: Praxis Response | I18: Praxis Response | J18: praxis-response-annunciation | K18: hazzat.com
A19: Acts Response | B19: مرد الإبركسيس | C19: Coptic, English, Arabic | D19: Lazarus Saturday | E19: 1 | F19: Text, Hazzat notation | G19: Unspecified | H19: Praxis Response | J19: praxis-response-lazarus-saturday | K19: hazzat.com
A20: Acts Response | B20: مرد الإبركسيس | C20: Coptic, English, Arabic | D20: The Lord's Entry into Jerusalem (Palm Sunday) | E20: 1 | F20: Text, Hazzat notation | G20: Unspecified | H20: Praxis Response | I20: Praxis Response | J20: praxis-response-the-lords-entry-into-jerusalem-palm-sunday | K20: hazzat.com
A21: Acts Response | C21: Coptic, English | D21: Bright Saturday | E21: 1 | F21: Text, Hazzat notation | G21: Unspecified | H21: Praxis Response | J21: praxis-response-bright-saturday | K21: hazzat.com
A22: Acts Response | C22: Coptic, English, Arabic | D22: Resurrection | E22: 1 | F22: Text, Hazzat notation | G22: Unspecified | H22: Praxis Response | I22: Melismatic | J22: praxis-response-resurrection | K22: hazzat.com
A23: Acts Response | C23: Coptic, English | D23: Ascension | E23: 1 | F23: Text, Hazzat notation | G23: Unspecified | H23: Praxis Response | J23: praxis-response-ascension | K23: hazzat.com
A24: Acts Response | C24: Coptic, English, Arabic | D24: Pentecost | E24: 1 | F24: Text, Hazzat notation | G24: Unspecified | H24: Praxis Response | J24: praxis-response-pentecost | K24: hazzat.com
A25: Acts Response | B25: مرد الإبركسيس | C25: Coptic, English | D25: Apostles Fast | E25: 1 | F25: Text, Hazzat notation | G25: Unspecified | H25: Praxis Response | J25: praxis-response-apostles-fast | K25: hazzat.com
A26: Acts Response | C26: Coptic, English | D26: Apostles Feast | E26: 1 | F26: Text | G26: Unspecified | H26: Praxis Response | I26: Praxis Response | J26: praxis-response-apostles-feast | K26: hazzat.com
A27: Acts Response | C27: English | D27: Transfiguration | E27: 1 | F27: Text, Hazzat notation | G27: Adam | H27: Aspasmos Adam | J27: acts-response-transfiguration | K27: hazzat.com
A28: Acts Response | C28: Coptic, English | D28: Papal | E28: 1 | F28: Text, Hazzat notation, Audio, Video | G28: Annual | H28: Praxis Response | I28: Praxis Response | J28: praxis-response-papal | K28: hazzat.com
A29: Acts Response (1st and 3rd Sunday) | C29: Coptic, English, Arabic | D29: Kiahk | E29: 1 | F29: Text, Hazzat notation, Vertical Hazzat | G29: Unspecified | H29: Praxis Response | I29: Praxis Response (1st and 3rd Sunday) | J29: praxis-response-1st-and-3rd-sunday | K29: hazzat.com
A30: Acts Response (2nd Sunday) | C30: Coptic, English | D30: Kiahk | E30: 1 | F30: Text, Hazzat notation, Vertical Hazzat | G30: Unspecified | H30: Praxis Response | I30: Praxis Response (2nd Sunday) | J30: praxis-response-2nd-sunday | K30: hazzat.com
A31: Acts Response (4th Sunday) | C31: Coptic, English | D31: Kiahk | E31: 1 | F31: Text, Hazzat notation, Vertical Hazzat | G31: Unspecified | H31: Praxis Response | I31: Praxis Response (4th Sunday) | J31: praxis-response-4th-sunday | K31: hazzat.com
A32: Acts Response (Share Efnouti) | B32: مرد الإبركسيس شارى إفنوتي | C32: Coptic, English | D32: Nineveh's Fast; Great Lent - Weekdays | E32: 2 | F32: Text, Hazzat notation | G32: Unspecified | H32: Praxis Response | I32: Praxis Response; Praxis Response (Share Efnouti) | J32: praxis-response-share-efnouti-great-lent-weekdays | K32: hazzat.com
A33: Adam Exposition | C33: Coptic, English | D33: Resurrection | E33: 1 | F33: Text, Hazzat notation | G33: Adam | H33: Aspasmos Adam | J33: adam-exposition | K33: hazzat.com
A34: Adam Psali | B34: إبصالية آدام | C34: Coptic, English | D34: Nairouz | E34: 1 | F34: Text | G34: Festal | H34: Adam Psali | J34: adam-psali-nairouz | K34: hazzat.com
A35: Adam Psali | B35: إبصالية آدام | C35: Coptic, English | D35: Pentecost | E35: 1 | F35: Text | G35: Festal | H35: Adam Psali | J35: adam-psali-pentecost | K35: hazzat.com
A36: Al El Qorban | B36: آل القربان | C36: Coptic | D36: Annual | E36: 1 | F36: Hazzat notation | G36: Annual | H36: Processional | J36: al-el-qorban | K36: hazzat.com
A37: All the Choirs (Kata ni Khoros) | C37: Coptic, English, Arabic | D37: Resurrection | E37: 1 | F37: Text, Hazzat notation | G37: Unspecified | H37: Unspecified | J37: all-the-choirs-kata-ni-khoros | K37: hazzat.com
A38: All the Choirs (Kata Nikhoros) Communion Hymn | C38: Coptic, English, Arabic | D38: Resurrection | E38: 1 | F38: Text, Hazzat notation | G38: Unspecified | H38: Communion Hymn | I38: All the Choirs (Kata Nikhoros) | J38: hymn-for-communion-kata-nikhoros | K38: hazzat.com
A39: All You Heavenly Orders | B39: يا كل الصفوف السمائية | C39: English, Arabic | D39: Resurrection; Pentecost | E39: 2 | F39: Text, Hazzat notation | G39: Unspecified | H39: Unspecified | J39: all-you-heavenly-orders | K39: hazzat.com
A40: All You Wise Men (Nisavev Teero) | C40: Coptic, English, Arabic | D40: Papal | E40: 1 | F40: Text, Hazzat notation, Vertical Hazzat, Audio, Video | G40: Unspecified | H40: Unspecified | I40: Nisavev Teero | J40: nisavev-teero | K40: hazzat.com
A41: Alleluia I Shall Go In | B41: تقديم الحمل | C41: Coptic, English, Arabic | D41: Nineveh's Fast; Great Lent - Weekdays | E41: 2 | F41: Text | G41: Annual | H41: Processional | I41: Procession of the Lamb | J41: procession-of-the-lamb-ninevehs-fast | K41: hazzat.com
A42: Alleluia The Thought of Man | B42: إن فكر الإنسان | C42: Coptic, English | D42: Great Lent - Saturdays & Sundays | E42: 1 | F42: Text, Hazzat notation | G42: Adam | H42: Aspasmos Adam | J42: alleluia-the-thought-of-man | K42: hazzat.com
A43: Altar Responses | C43: Audio only (language not stated) | D43: Annual | E43: 1 | F43: Audio | G43: Not listed (not on hazzat.com) | H43: Not listed (not on hazzat.com) | J43: suscopts-altar_responses | K43: suscopts.org | L43: Play (mp3)
A44: Amen Amen Amen Ton Thanaton | B44: أمين أمين أمين طون ثاناطون | C44: None yet (listed on site, no content) | D44: Annual | E44: 1 | G44: Annual | H44: Unspecified | J44: amen-amen-amen-ton-thanaton | K44: hazzat.com + suscopts.org | L44: Play (mp3)
A45: Amen. Lord Have Mercy | B45: أمين كيرياليسون | C45: Coptic, English, Arabic | D45: Annual; Epiphany; The Lord's Entry into Jerusalem (Palm Sunday); Passion (Pascha) Week - Covenant Thursday; Passion (Pascha) Week - Good Friday; Resurrection; Saint Mary's Fast/Feast; Glorifications | E45: 8 | F45: Text, Hazzat notation | G45: Annual | H45: Processional | I45: Amen. Lord Have Mercy (Long) | J45: amen-lord-have-mercy | K45: hazzat.com
A46: And Whenever We (Leepon) | B46: ليبون | C46: Coptic, English, Arabic | D46: Annual; Kiahk | E46: 2 | F46: Text, Hazzat notation | G46: Annual | H46: Psalmody | I46: Leepon | J46: leepon | K46: hazzat.com
A47: Another Arabic Gospel Response | B47: مرد آخر للإنجيل عربي | C47: Arabic | D47: Nativity | E47: 1 | F47: Text | G47: Festal | H47: Gospel Response | J47: another-arabic-gospel-response | K47: hazzat.com
A48: Another Psali for Bright Saturday | B48: إبصاليه واطس أُخرى لسبت الفرح | C48: English, Arabic | D48: Bright Saturday | E48: 1 | F48: Text | G48: Watos | H48: Vatos Psali | J48: another-psali-for-bright-saturday | K48: hazzat.com
A49: Apetjeek Evol | B49: أبيتجيك إيفول | C49: Coptic, English | D49: Annual; Papal | E49: 2 | F49: Text, Hazzat notation | G49: Annual | H49: Unspecified | J49: apetjeek-evol | K49: hazzat.com
A50: Apinav Shopi | B50: ابيناف شوبي | C50: Coptic, English, Arabic | D50: Annual | E50: 1 | F50: Text, Hazzat notation | G50: Unspecified | H50: Unspecified | J50: apinav-shopi | K50: hazzat.com
A51: Arise O Children of the Light (Ten Theno) | B51: قوموا يابني النور (تين ثينو) | C51: Coptic, English, Arabic | D51: Annual; Kiahk; Saint Mary's Fast/Feast | E51: 3 | F51: Text, Hazzat notation | G51: Unspecified | H51: Psalmody | J51: arise-o-children-of-the-light-ten-theno | K51: hazzat.com
A52: As it Was (Osberein) | B52: كما كان (أوس بيرين) | C52: None yet (listed on site, no content) | D52: Annual | E52: 1 | G52: Annual | H52: Unspecified | J52: as-it-was-osberein | K52: hazzat.com + suscopts.org | L52: Play (mp3)
A53: Aspasmos Adam | B53: أسبسمس آدام | C53: Coptic, English | D53: Nairouz | E53: 1 | F53: Text, Hazzat notation | G53: Adam | H53: Aspasmos Adam | J53: aspasmos-adam-nairouz | K53: hazzat.com
A54: Aspasmos Adam | C54: Coptic, English | D54: Feast of the Cross | E54: 1 | F54: Text, Hazzat notation | G54: Adam | H54: Aspasmos Adam | J54: aspasmos-adam | K54: hazzat.com
A55: Aspasmos Adam | B55: أسبسمس آدام | C55: Coptic, English | D55: Paramoune of Nativity | E55: 1 | F55: Text | G55: Adam | H55: Aspasmos Adam | J55: aspasmos-adam-paramoune-of-nativity | K55: hazzat.com
A56: Aspasmos Adam | B56: أسبسمس آدام | C56: Coptic, English, Arabic | D56: Nativity | E56: 1 | F56: Text, Hazzat notation | G56: Adam | H56: Aspasmos Adam | J56: aspasmos-adam-nativity | K56: hazzat.com
A57: Aspasmos Adam | B57: أسبسمس آدام | C57: Coptic, English, Arabic | D57: Epiphany | E57: 1 | F57: Text, Hazzat notation | G57: Adam | H57: Aspasmos Adam | J57: aspasmos-adam-epiphany | K57: hazzat.com
A58: Aspasmos Adam | B58: أسبسمس آدام | C58: Coptic, English | D58: Great Lent - Saturdays & Sundays; Great Lent - Weekdays | E58: 2 | F58: Text, Hazzat notation | G58: Adam | H58: Aspasmos Adam | J58: aspasmos-adam-great-lent-saturdays-sundays | K58: hazzat.com
A59: Aspasmos Adam | B59: أسبسمس آدام | C59: Coptic, English, Arabic | D59: Lazarus Saturday | E59: 1 | F59: Text, Hazzat notation | G59: Adam | H59: Aspasmos Adam | J59: aspasmos-adam-lazarus-saturday | K59: hazzat.com
A60: Aspasmos Adam | B60: أسبسمس آدام | C60: Coptic, English, Arabic | D60: The Lord's Entry into Jerusalem (Palm Sunday) | E60: 1 | F60: Text, Hazzat notation | G60: Adam | H60: Aspasmos Adam | J60: aspasmos-adam-the-lords-entry-into-jerusalem-palm-sunday | K60: hazzat.com
A61: Aspasmos Adam | B61: أسبسمس آدام | C61: Coptic, English | D61: Passion (Pascha) Week - Covenant Thursday | E61: 1 | F61: Text, Hazzat notation | G61: Adam | H61: Aspasmos Adam | J61: aspasmos-adam-passion-pascha-week-covenant-thursday | K61: hazzat.com
A62: Aspasmos Adam | C62: English | D62: Passion (Pascha) Week - Covenant Thursday | E62: 1 | F62: Text, Hazzat notation | G62: Adam | H62: Aspasmos Adam | J62: aspasmos-adam-covenant-thursday-liturgy-of-waters | K62: hazzat.com
A63: Aspasmos Adam | C63: Coptic, English, Arabic | D63: Bright Saturday | E63: 1 | F63: Text, Hazzat notation | G63: Adam | H63: Aspasmos Adam | J63: aspasmos-adam-bright-saturday | K63: hazzat.com
A64: Aspasmos Adam | C64: Coptic, English, Arabic | D64: Resurrection | E64: 1 | F64: Text, Hazzat notation | G64: Adam | H64: Aspasmos Adam | J64: aspasmos-adam-resurrection | K64: hazzat.com
A65: Aspasmos Adam | C65: Coptic, English | D65: Ascension | E65: 1 | F65: Text, Hazzat notation | G65: Adam | H65: Aspasmos Adam | J65: aspasmos-adam-ascension | K65: hazzat.com
A66: Aspasmos Adam | C66: Coptic, English | D66: Pentecost | E66: 1 | F66: Text, Hazzat notation | G66: Adam | H66: Aspasmos Adam | J66: aspasmos-adam-pentecost | K66: hazzat.com
A67: Aspasmos Adam | B67: أسبسمس آدام | C67: Coptic, English | D67: Apostles Fast | E67: 1 | F67: Text, Hazzat notation | G67: Adam | H67: Aspasmos Adam | J67: aspasmos-adam-apostles-fast | K67: hazzat.com
A68: Aspasmos Adam | C68: English | D68: Apostles Feast | E68: 1 | F68: Text, Hazzat notation | G68: Adam | H68: Aspasmos Adam | J68: aspasmos-adam-2-apostles-feast | K68: hazzat.com
A69: Aspasmos Adam (1st Sunday) | C69: Coptic, English | D69: Kiahk | E69: 1 | F69: Text, Hazzat notation, Vertical Hazzat | G69: Adam | H69: Aspasmos Adam | J69: aspasmos-adam-1st-sunday | K69: hazzat.com
A70: Aspasmos Adam (2nd Sunday) | C70: Coptic, English | D70: Kiahk | E70: 1 | F70: Text, Hazzat notation, Vertical Hazzat | G70: Adam | H70: Aspasmos Adam | J70: aspasmos-adam-2nd-sunday | K70: hazzat.com
A71: Aspasmos Adam (3rd Sunday) | C71: Coptic, English, Arabic | D71: Kiahk | E71: 1 | F71: Text, Hazzat notation, Vertical Hazzat | G71: Adam | H71: Aspasmos Adam | I71: Aspasmos Adam (Rejoice O Mary) | J71: aspasmos-adam-3rd-sunday | K71: hazzat.com
A72: Aspasmos Adam (4th Sunday) | C72: Coptic, English | D72: Kiahk | E72: 1 | F72: Text, Hazzat notation, Vertical Hazzat | G72: Adam | H72: Aspasmos Adam | J72: aspasmos-adam-4th-sunday | K72: hazzat.com
A73: Aspasmos Adam (Rejoice O Mary) | B73: أسبسمس آدام (إفرحي يا مريم) | C73: Coptic, English, Arabic | D73: Annual; Saint Mary's Fast/Feast; Papal | E73: 3 | F73: Text, Hazzat notation, Vertical Hazzat | G73: Adam | H73: Aspasmos Adam | J73: aspasmos-adam-rejoice-o-mary | K73: hazzat.com + suscopts.org | L73: Play (mp3)
A74: Aspasmos Adam (St. Mary) | C74: English | D74: Saint Mary's Fast/Feast | E74: 1 | F74: Text, Hazzat notation | G74: Adam | H74: Aspasmos Adam | J74: aspasmos-adam-st-mary | K74: hazzat.com
A75: Aspasmos Watos | B75: أسبسمس واطس | C75: Coptic, English | D75: Nairouz | E75: 1 | F75: Text, Hazzat notation | G75: Watos | H75: Aspasmos Watos | J75: aspasmos-watos-nairouz | K75: hazzat.com
A76: Aspasmos Watos | B76: اسبسمس واطس | C76: Coptic, English | D76: Feast of the Cross | E76: 1 | F76: Text, Hazzat notation | G76: Adam | H76: Aspasmos Adam | J76: aspasmos-watos-feast-of-the-cross | K76: hazzat.com
A77: Aspasmos Watos | B77: أسبسمس واطس | C77: Coptic, English, Arabic | D77: Nativity | E77: 1 | F77: Text, Hazzat notation | G77: Watos | H77: Aspasmos Watos | J77: aspasmos-watos-nativity | K77: hazzat.com
A78: Aspasmos Watos | B78: أسبسمس واطس | C78: Coptic, English, Arabic | D78: Epiphany | E78: 1 | F78: Text, Hazzat notation | G78: Watos | H78: Aspasmos Watos | J78: aspasmos-watos-epiphany | K78: hazzat.com
A79: Aspasmos Watos | B79: أسبسمس واطس | C79: Coptic, English, Arabic | D79: The Lord's Entry into Jerusalem (Palm Sunday) | E79: 1 | F79: Text, Hazzat notation | G79: Watos | H79: Aspasmos Watos | J79: aspasmos-watos-the-lords-entry-into-jerusalem-palm-sunday | K79: hazzat.com
A80: Aspasmos Watos | C80: Coptic, English, Arabic | D80: Resurrection | E80: 1 | F80: Text, Hazzat notation | G80: Watos | H80: Aspasmos Watos | J80: aspasmos-watos-resurrection | K80: hazzat.com
A81: Aspasmos Watos | C81: Coptic, English | D81: Ascension | E81: 1 | F81: Text, Hazzat notation | G81: Watos | H81: Aspasmos Watos | J81: aspasmos-watos-ascension | K81: hazzat.com
A82: Aspasmos Watos | C82: Coptic, English | D82: Pentecost | E82: 1 | F82: Text, Hazzat notation | G82: Watos | H82: Aspasmos Watos | J82: aspasmos-watos-pentecost | K82: hazzat.com
A83: Aspasmos Watos | B83: أسبسمس واطس | C83: Coptic, English | D83: Apostles Fast | E83: 1 | F83: Text, Hazzat notation | G83: Watos | H83: Aspasmos Watos | J83: aspasmos-watos-apostles-fast | K83: hazzat.com
A84: Aspasmos Watos | C84: Coptic, English | D84: Apostles Feast | E84: 1 | F84: Text | G84: Watos | H84: Aspasmos Watos | J84: aspasmos-watos-apostles-feast | K84: hazzat.com
A85: Aspasmos Watos (O Lord) | B85: أسبسمس واطس (أيها الرب) | C85: Coptic, English, Arabic | D85: Annual; Nairouz; Saint Mary's Fast/Feast | E85: 3 | F85: Text, Hazzat notation, Vertical Hazzat, Musical notes | G85: Watos | H85: Aspasmos Watos | J85: aspasmos-watos-o-lord | K85: hazzat.com + suscopts.org | L85: Play (mp3)
A86: Aspasmos Watos (St. Mary) | C86: English | D86: Saint Mary's Fast/Feast | E86: 1 | F86: Text, Hazzat notation | G86: Adam | H86: Aspasmos Adam | J86: aspasmos-watos-st-mary | K86: hazzat.com
A87: Blessed are You (Ekesmarwout) | B87: إك إسماروؤوت | C87: Coptic, English, Arabic | D87: Saint Mary's Fast/Feast; Glorifications; Papal | E87: 3 | F87: Text, Hazzat notation, Vertical Hazzat | G87: Annual; Sha3anini | H87: Processional | I87: Ekesmarwout; Come and saved us; Risen and saved us | J87: ekesmarwout | K87: hazzat.com
A88: Blessed be the Father (Je Efesmarouwt) | B88: جى فيسماروؤت | C88: Coptic, English, Arabic | D88: Nineveh's Fast; Great Lent - Weekdays | E88: 2 | F88: Text, Hazzat notation | G88: Great Lent the Ascetic | H88: Communion Hymn | I88: Je Efesmarouwt | J88: je-efesmarouwt-ninevehs-fast | K88: hazzat.com
A89: Blessed is He (Evlogimenos) | B89: إفلوجيمينوس | C89: Coptic, English, Arabic | D89: The Lord's Entry into Jerusalem (Palm Sunday); Papal | E89: 2 | F89: Text, Hazzat notation | G89: Sha3anini | H89: Processional | I89: Evlogimenos; (Coptic & English) | J89: evlogimenos-the-lords-entry-into-jerusalem-palm-sunday | K89: hazzat.com
A90: Chapter 19 Responses - Alleluia | B90: مردات الإصحاح التاسع عشر | C90: Coptic, English, Arabic | D90: Bright Saturday | E90: 1 | F90: Text, Hazzat notation | G90: Unspecified | H90: Unspecified | I90: Alleluia | J90: chapter-19-responses | K90: hazzat.com
A91: Chapter 2 & 3 Responses - He Who Has an Ear | B91: مردات الإصحاح الثاني والثالث | C91: Coptic, English, Arabic | D91: Bright Saturday | E91: 1 | F91: Text, Hazzat notation | G91: Unspecified | H91: Unspecified | I91: Long; Short | J91: chapter-2-3-responses | K91: hazzat.com
A92: Chapter 21 Responses - The Foundations | B92: مردات الإصحاح الحادي والعشرون | C92: Coptic, English, Arabic | D92: Bright Saturday | E92: 1 | F92: Text, Hazzat notation | G92: Unspecified | H92: Unspecified | I92: The Foundations | J92: chapter-21-responses | K92: hazzat.com
A93: Chapter 7 Responses - The Tribes | B93: مردات الإصحاح السابع | C93: Coptic, English, Arabic | D93: Bright Saturday | E93: 1 | F93: Text, Hazzat notation | G93: Annual | H93: Processional | I93: Long; Short | J93: chapter-7-responses | K93: hazzat.com
A94: Christ has Ascended (Khristos Analipsees) | B94: إخرستوس أناليبسيس | C94: Coptic, English | D94: Ascension; Pentecost | E94: 2 | F94: Text, Hazzat notation | G94: Festal; Adam | H94: Processional; Aspasmos Adam | I94: Major; Minor | J94: procession-khristos-analipsees | K94: hazzat.com
A95: Christ is Risen (Ekhristos Anesti) | B95: زفّة القيامة: إخرستوس آنيستي | C95: Coptic, English, Arabic | D95: Resurrection; Ascension; Pentecost | E95: 3 | F95: Text, Hazzat notation | G95: Unspecified | H95: Processional | I95: Christ is Risen; Major; Minor | J95: procession-ekhristos-anesti-resurrection | K95: hazzat.com
A96: Communion Hymn: He Bowed Heaven (Afrek Etve) | C96: Coptic, English | D96: Ascension | E96: 1 | F96: Text, Hazzat notation | G96: Unspecified | H96: Communion Hymn | I96: Afrek Etve | J96: communion-hymn-afrek-etve | K96: hazzat.com
A97: Concluding Hymn | B97: لحن ختام الخدمة | C97: Coptic, English | D97: Nineveh's Fast; Great Lent - Weekdays | E97: 2 | F97: Text | G97: Tawaf | H97: End of Service | J97: end-of-service-hymn-ninevehs-fast | K97: hazzat.com
A98: Concluding Hymn | C98: English | D98: Transfiguration | E98: 1 | F98: Text | G98: Adam | H98: Aspasmos Adam | J98: concluding-hymn-transfiguration | K98: hazzat.com
A99: Concluding Hymn (Aketchi) | B99: لحن ختام الخدمة (آكتشي) | C99: Coptic, English | D99: Papal | E99: 1 | F99: Text, Audio | G99: Annual | H99: End of Service | I99: End of Service Hymn (Aketchi) | J99: end-of-service-hymn-aketchi | K99: hazzat.com
A100: Conclusion of Pascha Service | B100: لحن ختام البصخة | C100: Coptic, English | D100: Passion Week - General Hours | E100: 1 | F100: Text, Musical notes | G100: Adam; Paschal | H100: Aspasmos Adam; End of Service | I100: O King Of Peace - Mournful | J100: conclusion-of-pascha-service | K100: hazzat.com
...

Sheet suscopts Cross-Reference
A1: suscopts.org Title | B1: Type | C1: Match on hazzat.com | D1: How They Compare | E1: Season | F1: suscopts.org Recording
A2: Altar Responses | B2: Hymn | C2: Not on hazzat.com (added as suscopts-only row) | D2: No hazzat equivalent. A collection of the people's/deacon's responses; hazzat lists some short responses separately (e.g. Lord Have Mercy, Through the Intercessions), but the recording's contents could not be checked. | E2: Annual | F2: Play (mp3)
A3: The Cherubim Worship You | B3: Hymn | C3: The Cherubim | D3: Same response under a different wording (Coptic 'Ni-Cheroubim'). hazzat lists it only under Coptic Weddings, worded 'The Cherubim worship Him'; suscopts gives it as 'worship You', as said in the Annual Liturgy. | E3: Annual | F3: Play (mp3)
A4: Amen Amen Amen | B4: Hymn | C4: Amen Amen Amen Ton Thanaton | D4: Same hymn; hazzat adds the Coptic incipit 'Ton Thanaton'. | E4: Annual | F4: Play (mp3)
A5: May Their Holy Blessings | B5: Hymn | C5: Penishti (Great) | D5: Probable match: suscopts uses the response's closing line; hazzat uses its Coptic opening word. hazzat's Penishti (Great) ends 'their holy blessings shall be with us. Amen.' and sits between Amen Amen Amen and As It Was, the same place as on suscopts. Not confirmed by listening. | E5: Annual | F5: Play (mp3)
A6: As It Was | B6: Hymn | C6: As it Was (Osberein) | D6: Same hymn; hazzat adds the Coptic incipit 'Osberein'. | E6: Annual | F6: Play (mp3)
A7: Introduction | B7: Liturgy segment (part of a full English liturgy recording) | C7: n/a (not a standalone hymn) | E7: Annual | F7: Play (mp3)
A8: Offeratory | B8: Liturgy segment (part of a full English liturgy recording) | C8: n/a (not a standalone hymn) | E8: Annual | F8: Play (mp3)
A9: The Readings | B9: Liturgy segment (part of a full English liturgy recording) | C9: n/a (not a standalone hymn) | E9: Annual | F9: Play (mp3)
A10: Upto the Prayer of Reconciliation | B10: Liturgy segment (part of a full English liturgy recording) | C10: n/a (not a standalone hymn) | E10: Annual | F10: Play (mp3)
A11: Aspasmos Adam (Rejoice O Mary) | B11: Hymn | C11: Aspasmos Adam (Rejoice O Mary) | D11: Same title. | E11: Annual | F11: Play (mp3)
A12: Upto the Aspasmos Vatos | B12: Liturgy segment (part of a full English liturgy recording) | C12: n/a (not a standalone hymn) | E12: Annual | F12: Play (mp3)
A13: Aspasmos Vatos (O Lord of Hosts) | B13: Hymn | C13: Aspasmos Watos (O Lord) | D13: Same hymn; spelling differs (Vatos / Watos) and hazzat shortens 'O Lord of Hosts' to 'O Lord'. | E13: Annual | F13: Play (mp3)
A14: Upto "Amen Amen Amen" | B14: Liturgy segment (part of a full English liturgy recording) | C14: n/a (not a standalone hymn) | E14: Annual | F14: Play (mp3)
A15: Upto "May Their Holy Blessings" | B15: Liturgy segment (part of a full English liturgy recording) | C15: n/a (not a standalone hymn) | E15: Annual | F15: Play (mp3)
A16: Upto Psalm 150 | B16: Liturgy segment (part of a full English liturgy recording) | C16: n/a (not a standalone hymn) | E16: Annual | F16: Play (mp3)
A17: Psalm 150 | B17: Hymn | C17: Psalm 150 | D17: Same title. | E17: Annual | F17: Play (mp3)
A18: Hymn: "The Bread of Life" (Pi-oik) | B18: Hymn | C18: The Bread of Life | D18: Same hymn; suscopts adds the Coptic incipit 'Pi-oik' (hazzat variation name: 'Piwik'). | E18: Annual | F18: Play (mp3)

Sheet Seasons
A1: Season # | B1: Season | C1: Season (Arabic) | D1: Next Dates (on/after 2026-10-22) | E1: Services | F1: Hymns
A2: 1 | B2: Annual | C2: سنوي | D2: Not date-specific | E2: Distribution; Liturgy of St. Basil; Liturgy of St. Gregory; Liturgy of the Word; Matins; Matins Psalmody; Midnight Psalmody; Vespers; Vespers Psalmody | F2: =COUNTIF('Hymns by Season'!$B$2:$B$607,B2) -> 64
A3: 2 | B3: Nairouz | C3: نيروز | D3: 2027-09-12 to 2027-09-27 | E3: Liturgy; Midnight Psalmody; Vespers & Matins | F3: =COUNTIF('Hymns by Season'!$B$2:$B$607,B3) -> 13
A4: 3 | B4: Feast of the Cross | C4: عيد الصليب | D4: 2027-03-19 | E4: Liturgy; Vespers & Matins | F4: =COUNTIF('Hymns by Season'!$B$2:$B$607,B4) -> 15
A5: 4 | B5: Kiahk | C5: كيهك | D5: 2026-11-25 to 2027-01-06 | E5: Liturgy; Midnight Psalmody; Vespers & Matins | F5: =COUNTIF('Hymns by Season'!$B$2:$B$607,B5) -> 40
A6: 5 | B6: Paramoune of Nativity | C6: برمون الميلاد | D6: 2027-01-06 | E6: Liturgy; Vespers & Matins | F6: =COUNTIF('Hymns by Season'!$B$2:$B$607,B6) -> 5
A7: 6 | B7: Nativity | C7: عيد الميلاد المجيد | D7: 2027-01-07 | E7: Liturgy; Matins | F7: =COUNTIF('Hymns by Season'!$B$2:$B$607,B7) -> 35
A8: 7 | B8: Feast of Circumcision | C8: عيد الختان | D8: 2027-01-14 | E8: Liturgy; Vespers & Matins | F8: =COUNTIF('Hymns by Season'!$B$2:$B$607,B8) -> 8
A9: 8 | B9: Paramoune of Epiphany | C9: برمون الغطاس | D9: 2027-01-18 | E9: Vespers | F9: =COUNTIF('Hymns by Season'!$B$2:$B$607,B9) -> 3
A10: 9 | B10: Epiphany | C10: عيد الغطاس | D10: 2027-01-19 | E10: Liturgy; Matins | F10: =COUNTIF('Hymns by Season'!$B$2:$B$607,B10) -> 28
A11: 10 | B11: The Wedding at Cana of Galilee | C11: عُرس قانا الجليل | D11: 2027-01-21 | E11: Liturgy | F11: =COUNTIF('Hymns by Season'!$B$2:$B$607,B11) -> 2
A12: 11 | B12: The Lord's Entry into the Temple | C12: دخول السيد المسيح الهيكل | D12: 2027-02-15 | E12: Liturgy; Vespers & Matins | F12: =COUNTIF('Hymns by Season'!$B$2:$B$607,B12) -> 8
A13: 12 | B13: Nineveh's Fast | C13: صوم أهل نينوى | D13: 2027-02-22 to 2027-02-24 | E13: Liturgy; Matins | F13: =COUNTIF('Hymns by Season'!$B$2:$B$607,B13) -> 18
... A35: 34 | B35: Reception of New Priest | C35: استقبال الكهنة | D35: Not date-specific | E35: Vespers | F35: =COUNTIF('Hymns by Season'!$B$2:$B$607,B35) -> 5
E36: Total hymn-season entries | F36: =SUM(F2:F35) -> 606
E37: Unique hymns | F37: =COUNTA('Master Hymn List'!A2:A465) -> 464

Sheet About
A1: Item | B1: Description
A2: Source | B2: hazzat.com: public content store used by the site (seasons, services, hymns, content), crawled 2026-10-22.
A3: Coverage | B3: All 34 seasons, 82 services, 464 unique hymns, 792 content items.
A4: Hymns by Season | B4: One row per hymn per season. A hymn sung in several seasons appears once in each.
A5: Master Hymn List | B5: One row per unique hymn, with every season it is listed under.
A6: Languages Available | B6: Languages with actual (non-empty) material on hazzat.com for that hymn: text columns, Hazzat notation, or video.
A7: Text Languages | B7: Languages present in the hymn's text (Coptic, English, Arabic columns).
A8: Hazzat Notation Languages | B8: Languages the Hazzat (melodic notation) is written over: Coptic, English and/or Arabic syllables.
A9: Next Dates | B9: Next date range on or after 2026-10-22 as published by hazzat.com; recurring services (Annual, Weddings, Funeral...) are not date-specific.
A10: suscopts.org | B10: suscopts.org's old hymn pages (deacons/hymns...) now redirect to the rebuilt deacons.suscopts.org, which no longer has a hymn library. Its only hymn material is the 'Some Hymn Recordings' list on the Deaconship page (17 audio tracks), cross-referenced on the 'suscopts Cross-Reference' sheet. Archived copies of the old pages (web.archive.org) could not be reached from this environment.
A11: Tune | B11: The melody the hymn is sung in (Annual, Festal, Kiahky, Great Lent, Shamy, Sha3anini, ...), from hazzat.com's documented API (api.hazzat.com/tunes), matched to each hymn by hazzat's own variation ids. 'Unspecified' is hazzat's own label. A hymn with two tunes lists both. 'Not listed' means the hymn is not in the API's tune lists.
A12: Hymn Type | B12: The kind of hymn (Psalmody, Doxology, Deacon Response, Praxis Response, Paralexis, ...), from api.hazzat.com/types, matched the same way.
... A14: Source | B14: hazzat.com, suscopts.org, or both. Rows marked suscopts.org only are hymns found on suscopts but not on hazzat.
